Date,Close
18/12/2014,100
19/12/2014,100.388732
22/12/2014,100.827684
23/12/2014,101.031876
24/12/2014,101.015183
26/12/2014,101.346324
29/12/2014,101.399695
30/12/2014,100.924098
31/12/2014,99.912
02/01/2015,99.866797
05/01/2015,98.115866
06/01/2015,97.244943
07/01/2015,98.373661
08/01/2015,100.061177
09/01/2015,99.200118
12/01/2015,98.42856
13/01/2015,98.218813
14/01/2015,97.670644
15/01/2015,96.797112
16/01/2015,98.055887
20/01/2015,98.214441
21/01/2015,98.660311
22/01/2015,100.186656
23/01/2015,99.658136
26/01/2015,99.865584
27/01/2015,98.469483
28/01/2015,97.199291
29/01/2015,98.12666
30/01/2015,96.998066
02/02/2015,98.168214
03/02/2015,99.482881
04/02/2015,99.104863
05/02/2015,100.068433
06/02/2015,99.756102
09/02/2015,99.319487
10/02/2015,100.398045
11/02/2015,100.404505
12/02/2015,101.356159
13/02/2015,101.724807
17/02/2015,101.841737
18/02/2015,101.79765
19/02/2015,101.687625
20/02/2015,102.272141
23/02/2015,102.234039
24/02/2015,102.530113
25/02/2015,102.506654
26/02/2015,102.460393
27/02/2015,102.155152
02/03/2015,102.826606
03/03/2015,102.384979
04/03/2015,101.942508
05/03/2015,102.096132
06/03/2015,100.67015
09/03/2015,101.075731
10/03/2015,99.362823
11/03/2015,99.138334
12/03/2015,100.38555
13/03/2015,99.775423
16/03/2015,101.126565
17/03/2015,100.786719
18/03/2015,101.958028
19/03/2015,101.498052
20/03/2015,102.393839
23/03/2015,102.226491
24/03/2015,101.682737
25/03/2015,100.113989
26/03/2015,99.877112
27/03/2015,100.04534
30/03/2015,101.248511
31/03/2015,100.391976
01/04/2015,99.932327
02/04/2015,100.218209
06/04/2015,100.853913
07/04/2015,100.659193
08/04/2015,100.956264
09/04/2015,101.373722
10/04/2015,101.812233
13/04/2015,101.389272
14/04/2015,101.485554
15/04/2015,101.983823
16/04/2015,101.933396
17/04/2015,100.745322
20/04/2015,101.720052
21/04/2015,101.602092
22/04/2015,102.14745
23/04/2015,102.380245
24/04/2015,102.710633
27/04/2015,102.282659
28/04/2015,102.531016
29/04/2015,102.144806
30/04/2015,101.077672
01/05/2015,102.132838
04/05/2015,102.462681
05/05/2015,101.272915
06/05/2015,100.823127
07/05/2015,101.233861
08/05/2015,102.578575
11/05/2015,102.059939
12/05/2015,101.744451
13/05/2015,101.736495
14/05/2015,102.863346
15/05/2015,102.892974
18/05/2015,103.210534
19/05/2015,103.148984
20/05/2015,103.029335
21/05/2015,103.239962
22/05/2015,102.994776
26/05/2015,101.917382
27/05/2015,102.871878
28/05/2015,102.719497
29/05/2015,102.061101
01/06/2015,102.280219
02/06/2015,102.201402
03/06/2015,102.435986
04/06/2015,101.572538
05/06/2015,101.412453
08/06/2015,100.748983
09/06/2015,100.80851
10/06/2015,102.036928
11/06/2015,102.218044
12/06/2015,101.517814
15/06/2015,101.033645
16/06/2015,101.626177
17/06/2015,101.824896
18/06/2015,102.853839
19/06/2015,102.317611
22/06/2015,102.932884
23/06/2015,103.022472
24/06/2015,102.313854
25/06/2015,102.000211
26/06/2015,101.977386
29/06/2015,99.87314
30/06/2015,100.116585
01/07/2015,100.77746
02/07/2015,100.757155
06/07/2015,100.393824
07/07/2015,101.004642
08/07/2015,99.367689
09/07/2015,99.610982
10/07/2015,100.856304
13/07/2015,102.030024
14/07/2015,102.539624
15/07/2015,102.487788
16/07/2015,103.380365
17/07/2015,103.926062
20/07/2015,103.996663
21/07/2015,103.588072
22/07/2015,103.366695
23/07/2015,102.705489
24/07/2015,101.607541
27/07/2015,101.039588
28/07/2015,102.243081
29/07/2015,102.978581
30/07/2015,102.972739
31/07/2015,102.712729
03/08/2015,102.492991
04/08/2015,102.263016
05/08/2015,102.643086
06/08/2015,101.846037
07/08/2015,101.544877
10/08/2015,102.713089
11/08/2015,101.921246
12/08/2015,102.024213
13/08/2015,101.888672
14/08/2015,102.277588
17/08/2015,102.777244
18/08/2015,102.500641
19/08/2015,101.729076
20/08/2015,99.61678
21/08/2015,96.362834
24/08/2015,92.573361
25/08/2015,91.378841
26/08/2015,95.060766
27/08/2015,97.27618
28/08/2015,97.271942
31/08/2015,96.425958
01/09/2015,93.480795
02/09/2015,95.218878
03/09/2015,95.272504
04/09/2015,93.849265
08/09/2015,96.211429
09/09/2015,94.919654
10/09/2015,95.458756
11/09/2015,95.911497
14/09/2015,95.527042
15/09/2015,96.757055
16/09/2015,97.543135
17/09/2015,97.344473
18/09/2015,95.798976
21/09/2015,96.262519
22/09/2015,95.05131
23/09/2015,94.892673
24/09/2015,94.606031
25/09/2015,94.523032
28/09/2015,92.132001
29/09/2015,92.215214
30/09/2015,93.938669
01/10/2015,94.125307
02/10/2015,95.447032
05/10/2015,97.157644
06/10/2015,96.748269
07/10/2015,97.493838
08/10/2015,98.265037
09/10/2015,98.361892
12/10/2015,98.530677
13/10/2015,97.91556
14/10/2015,97.381687
15/10/2015,98.817297
16/10/2015,99.258586
19/10/2015,99.31792
20/10/2015,99.085196
21/10/2015,98.529829
22/10/2015,100.177113
23/10/2015,101.454391
26/10/2015,101.329189
27/10/2015,101.082376
28/10/2015,102.234702
29/10/2015,102.196691
30/10/2015,101.666342
02/11/2015,102.888141
03/11/2015,103.163758
04/11/2015,102.876047
05/11/2015,102.812291
06/11/2015,102.78173
09/11/2015,101.747735
10/11/2015,101.935619
11/11/2015,101.63923
12/11/2015,100.240419
13/11/2015,99.039193
16/11/2015,100.509085
17/11/2015,100.403883
18/11/2015,102.062918
19/11/2015,101.971653
20/11/2015,102.410309
23/11/2015,102.290768
24/11/2015,102.353912
25/11/2015,102.356439
27/11/2015,102.415063
30/11/2015,101.856996
01/12/2015,102.999786
02/12/2015,101.890211
03/12/2015,100.440894
04/12/2015,102.497384
07/12/2015,101.824522
08/12/2015,101.182879
09/12/2015,100.282186
10/12/2015,100.50118
11/12/2015,98.609024
14/12/2015,99.177726
15/12/2015,100.206809
16/12/2015,101.691083
17/12/2015,100.17818
18/12/2015,98.378606
21/12/2015,99.144763
22/12/2015,99.996419
23/12/2015,101.144825
24/12/2015,100.972091
28/12/2015,100.846384
29/12/2015,101.937625
30/12/2015,101.220594
31/12/2015,100.214103
04/01/2016,98.627768
05/01/2016,98.838542
06/01/2016,97.654979
07/01/2016,95.376135
08/01/2016,94.324065
11/01/2016,94.485369
12/01/2016,95.266699
13/01/2016,92.841998
14/01/2016,94.376874
15/01/2016,92.317101
19/01/2016,92.442034
20/01/2016,91.393314
21/01/2016,91.851639
22/01/2016,93.737909
25/01/2016,92.330144
26/01/2016,93.574468
27/01/2016,92.51443
28/01/2016,93.178418
29/01/2016,95.440157
01/02/2016,95.449091
02/02/2016,93.739586
03/02/2016,93.953184
04/02/2016,93.971902
05/02/2016,92.194516
08/02/2016,90.977059
09/02/2016,90.906466
10/02/2016,90.93617
11/02/2016,89.892404
12/02/2016,91.548517
16/02/2016,92.996001
17/02/2016,94.529307
18/02/2016,94.039683
19/02/2016,94.086917
22/02/2016,95.400911
23/02/2016,94.232029
24/02/2016,94.641785
25/02/2016,95.694741
26/02/2016,95.46709
29/02/2016,94.702027
01/03/2016,96.945167
02/03/2016,97.301537
03/03/2016,97.577707
04/03/2016,97.830614
07/03/2016,97.810073
08/03/2016,96.811684
09/03/2016,97.315652
10/03/2016,97.350785
11/03/2016,98.91112
14/03/2016,98.831406
15/03/2016,98.679851
16/03/2016,99.21094
17/03/2016,99.803974
18/03/2016,100.221358
21/03/2016,100.348735
22/03/2016,100.253559
23/03/2016,99.629395
24/03/2016,99.576145
28/03/2016,99.624407
29/03/2016,100.539388
30/03/2016,100.978054
31/03/2016,100.760926
01/04/2016,101.436671
04/04/2016,101.097131
05/04/2016,100.097538
06/04/2016,101.141953
07/04/2016,99.931577
08/04/2016,100.166647
11/04/2016,99.884531
12/04/2016,100.843922
13/04/2016,101.849641
14/04/2016,101.877222
15/04/2016,101.811292
18/04/2016,102.491313
19/04/2016,102.722556
20/04/2016,102.782333
21/04/2016,102.264396
22/04/2016,102.042665
25/04/2016,101.898412
26/04/2016,101.973971
27/04/2016,102.093104
28/04/2016,101.147533
29/04/2016,100.675683
02/05/2016,101.499456
03/05/2016,100.638415
04/05/2016,100.104029
05/05/2016,100.108221
06/05/2016,100.483187
09/05/2016,100.599606
10/05/2016,101.837824
11/05/2016,100.839193
12/05/2016,100.825292
13/05/2016,99.961752
16/05/2016,100.91061
17/05/2016,99.903499
18/05/2016,99.942112
19/05/2016,99.602863
20/05/2016,100.204453
23/05/2016,99.95866
24/05/2016,101.341262
25/05/2016,102.012962
26/05/2016,102.004784
27/05/2016,102.449712
31/05/2016,102.334303
01/06/2016,102.449501
02/06/2016,102.685371
03/06/2016,102.360063
06/06/2016,102.795595
07/06/2016,102.887267
08/06/2016,103.269334
09/06/2016,103.089602
10/06/2016,102.159014
13/06/2016,101.359079
14/06/2016,101.181747
15/06/2016,100.985049
16/06/2016,101.258516
17/06/2016,100.819877
20/06/2016,101.392013
21/06/2016,101.673695
22/06/2016,101.520266
23/06/2016,102.844147
24/06/2016,99.183608
27/06/2016,97.46519
28/06/2016,99.176466
29/06/2016,100.83484
30/06/2016,102.18429
01/07/2016,102.383213
05/07/2016,101.725842
06/07/2016,102.278063
07/07/2016,102.188401
08/07/2016,103.707507
11/07/2016,104.091385
12/07/2016,104.77935
13/07/2016,104.794068
14/07/2016,105.33529
15/07/2016,105.237606
18/07/2016,105.547414
19/07/2016,105.426238
20/07/2016,105.879304
21/07/2016,105.485972
22/07/2016,105.969649
25/07/2016,105.683799
26/07/2016,105.675991
27/07/2016,105.586148
28/07/2016,105.771754
29/07/2016,106.024372
01/08/2016,105.961309
02/08/2016,105.303105
03/08/2016,105.602606
04/08/2016,105.645481
05/08/2016,106.585967
08/08/2016,106.490101
09/08/2016,106.55073
10/08/2016,106.268442
11/08/2016,106.745464
12/08/2016,106.673766
15/08/2016,106.941991
16/08/2016,106.372512
17/08/2016,106.591291
18/08/2016,106.789777
19/08/2016,106.630889
22/08/2016,106.572408
23/08/2016,106.749767
24/08/2016,106.213076
25/08/2016,106.052418
26/08/2016,105.912119
29/08/2016,106.451843
30/08/2016,106.231821
31/08/2016,106.010223
01/09/2016,106.022708
02/09/2016,106.43975
06/09/2016,106.773634
07/09/2016,106.738189
08/09/2016,106.45336
09/09/2016,103.905725
12/09/2016,105.440603
13/09/2016,103.926819
14/09/2016,103.876597
15/09/2016,104.931841
16/09/2016,104.53672
19/09/2016,104.522705
20/09/2016,104.588161
21/09/2016,105.674013
22/09/2016,106.374759
23/09/2016,105.78984
26/09/2016,104.857283
27/09/2016,105.563964
28/09/2016,106.06072
29/09/2016,105.077243
30/09/2016,105.900899
03/10/2016,105.538286
04/10/2016,105.065331
05/10/2016,105.487734
06/10/2016,105.521337
07/10/2016,105.201727
10/10/2016,105.703579
11/10/2016,104.431189
12/10/2016,104.57296
13/10/2016,104.229643
14/10/2016,104.264016
17/10/2016,103.971629
18/10/2016,104.641113
19/10/2016,104.869181
20/10/2016,104.711575
21/10/2016,104.758384
24/10/2016,105.338798
25/10/2016,104.942054
26/10/2016,104.723028
27/10/2016,104.410283
28/10/2016,104.098148
31/10/2016,104.071813
01/11/2016,103.364605
02/11/2016,102.656859
03/11/2016,102.157021
04/11/2016,101.966983
07/11/2016,104.235476
08/11/2016,104.668593
09/11/2016,105.744385
10/11/2016,105.797112
11/11/2016,105.637131
14/11/2016,105.519461
15/11/2016,106.357313
16/11/2016,106.222458
17/11/2016,106.726771
18/11/2016,106.431012
21/11/2016,107.222236
22/11/2016,107.437312
23/11/2016,107.464913
25/11/2016,107.880219
28/11/2016,107.351428
29/11/2016,107.518326
30/11/2016,107.110465
01/12/2016,106.679625
02/12/2016,106.727717
05/12/2016,107.393765
06/12/2016,107.730006
07/12/2016,109.142317
08/12/2016,109.373285
09/12/2016,110.058158
12/12/2016,109.942812
13/12/2016,110.668219
14/12/2016,109.817241
15/12/2016,110.236128
16/12/2016,109.968717
19/12/2016,110.185124
20/12/2016,110.595488
21/12/2016,110.328549
22/12/2016,110.110279
23/12/2016,110.226851
27/12/2016,110.471469
28/12/2016,109.574859
29/12/2016,109.53472
30/12/2016,108.995728
03/01/2017,109.95533
04/01/2017,110.559429
05/01/2017,110.500373
06/01/2017,110.941808
09/01/2017,110.590436
10/01/2017,110.576474
11/01/2017,110.895958
12/01/2017,110.672801
13/01/2017,110.886317
17/01/2017,110.569196
18/01/2017,110.765705
19/01/2017,110.374469
20/01/2017,110.754681
23/01/2017,110.560882
24/01/2017,111.253906
25/01/2017,112.160542
26/01/2017,112.069655
27/01/2017,111.929457
30/01/2017,111.234881
31/01/2017,111.089984
01/02/2017,111.097172
02/02/2017,111.124326
03/02/2017,111.904113
06/02/2017,111.69066
07/02/2017,111.778252
08/02/2017,111.873323
09/02/2017,112.511133
10/02/2017,112.907723
13/02/2017,113.512835
14/02/2017,113.964085
15/02/2017,114.501621
16/02/2017,114.421
17/02/2017,114.671135
21/02/2017,115.345091
22/02/2017,115.222748
23/02/2017,115.268465
24/02/2017,115.429699
27/02/2017,115.544147
28/02/2017,115.25217
01/03/2017,116.816315
02/03/2017,116.146423
03/03/2017,116.190514
06/03/2017,115.817205
07/03/2017,115.523151
08/03/2017,115.302373
09/03/2017,115.411714
10/03/2017,115.769266
13/03/2017,115.811377
14/03/2017,115.466475
15/03/2017,116.369759
16/03/2017,116.23899
17/03/2017,116.0709
20/03/2017,115.814566
21/03/2017,114.378365
22/03/2017,114.580784
23/03/2017,114.403074
24/03/2017,114.297637
27/03/2017,114.201337
28/03/2017,114.993864
29/03/2017,115.145105
30/03/2017,115.478158
31/03/2017,115.229608
03/04/2017,115.099305
04/04/2017,115.143616
05/04/2017,114.788471
06/04/2017,114.972332
07/04/2017,114.873208
10/04/2017,114.94723
11/04/2017,114.78462
12/04/2017,114.39394
13/04/2017,113.646068
17/04/2017,114.64923
18/04/2017,114.324543
19/04/2017,114.141106
20/04/2017,114.994348
21/04/2017,114.671139
24/04/2017,115.955283
25/04/2017,116.663546
26/04/2017,116.608656
27/04/2017,116.74476
28/04/2017,116.6883
01/05/2017,116.930603
02/05/2017,117.099966
03/05/2017,117.035254
04/05/2017,117.143922
05/05/2017,117.537512
08/05/2017,117.576282
09/05/2017,117.47119
10/05/2017,117.576158
11/05/2017,117.319901
12/05/2017,117.180649
15/05/2017,117.730006
16/05/2017,117.683739
17/05/2017,115.561672
18/05/2017,116.031627
19/05/2017,116.785427
22/05/2017,117.426257
23/05/2017,117.69148
24/05/2017,118.015396
25/05/2017,118.605447
26/05/2017,118.65466
30/05/2017,118.534258
31/05/2017,118.442309
01/06/2017,119.301429
02/06/2017,119.780595
05/06/2017,119.692201
06/06/2017,119.311062
07/06/2017,119.526158
08/06/2017,119.547222
09/06/2017,119.247115
12/06/2017,119.071598
13/06/2017,119.651361
14/06/2017,119.547986
15/06/2017,119.235814
16/06/2017,119.219393
19/06/2017,120.267825
20/06/2017,119.490021
21/06/2017,119.507007
22/06/2017,119.452795
23/06/2017,119.663749
26/06/2017,119.623846
27/06/2017,118.603809
28/06/2017,119.688591
29/06/2017,118.582921
30/06/2017,118.709631
03/07/2017,118.872687
05/07/2017,119.169749
06/07/2017,118.109103
07/07/2017,118.905178
10/07/2017,119.036011
11/07/2017,118.956867
12/07/2017,119.839564
13/07/2017,120.082194
14/07/2017,120.657072
17/07/2017,120.641293
18/07/2017,120.792876
19/07/2017,121.408338
20/07/2017,121.402649
21/07/2017,121.393461
24/07/2017,121.323954
25/07/2017,121.548415
26/07/2017,121.586224
27/07/2017,121.390159
28/07/2017,121.28072
31/07/2017,121.144866
01/08/2017,121.428622
02/08/2017,121.518249
03/08/2017,121.245375
04/08/2017,121.472809
07/08/2017,121.694932
08/08/2017,121.405232
09/08/2017,121.346027
10/08/2017,119.570244
11/08/2017,119.747471
14/08/2017,120.958819
15/08/2017,120.915961
16/08/2017,121.093736
17/08/2017,119.239546
18/08/2017,119.034343
21/08/2017,119.140565
22/08/2017,120.347582
23/08/2017,119.946811
24/08/2017,119.660559
25/08/2017,119.808597
28/08/2017,119.855908
29/08/2017,119.999533
30/08/2017,120.571894
31/08/2017,121.252115
01/09/2017,121.456175
05/09/2017,120.5717
06/09/2017,120.951785
07/09/2017,120.998699
08/09/2017,120.772257
11/09/2017,122.038233
12/09/2017,122.425053
13/09/2017,122.506035
14/09/2017,122.31318
15/09/2017,122.483126
18/09/2017,122.617758
19/09/2017,122.788721
20/09/2017,122.899757
21/09/2017,122.511704
22/09/2017,122.545403
25/09/2017,122.190086
26/09/2017,122.242685
27/09/2017,122.848846
28/09/2017,123.024486
29/09/2017,123.502559
02/10/2017,123.909885
03/10/2017,124.198185
04/10/2017,124.31537
05/10/2017,125.095459
06/10/2017,125.012656
09/10/2017,124.815853
10/10/2017,125.112869
11/10/2017,125.440646
12/10/2017,125.251258
13/10/2017,125.36818
16/10/2017,125.579725
17/10/2017,125.659918
18/10/2017,125.766121
19/10/2017,125.723929
20/10/2017,126.343267
23/10/2017,125.821278
24/10/2017,126.046158
25/10/2017,125.54043
26/10/2017,125.651502
27/10/2017,126.888338
30/10/2017,126.516974
31/10/2017,126.645197
01/11/2017,126.900267
02/11/2017,126.946675
03/11/2017,127.368084
06/11/2017,127.459937
07/11/2017,127.466124
08/11/2017,127.694046
09/11/2017,127.184584
10/11/2017,127.066776
13/11/2017,127.21061
14/11/2017,126.991733
15/11/2017,126.26525
16/11/2017,127.352301
17/11/2017,126.94351
20/11/2017,127.099861
21/11/2017,127.954288
22/11/2017,127.886103
24/11/2017,128.1775
27/11/2017,128.217749
28/11/2017,129.347348
29/11/2017,129.141132
30/11/2017,130.17704
01/12/2017,129.887301
04/12/2017,129.703342
05/12/2017,129.304134
06/12/2017,129.382377
07/12/2017,129.797664
08/12/2017,130.496918
11/12/2017,130.90858
12/12/2017,131.088096
13/12/2017,131.0666
14/12/2017,130.587156
15/12/2017,131.760983
18/12/2017,132.481755
19/12/2017,132.04824
20/12/2017,131.908058
21/12/2017,132.122565
22/12/2017,132.033303
26/12/2017,131.896258
27/12/2017,131.982669
28/12/2017,132.200016
29/12/2017,131.521589
02/01/2018,132.615608
03/01/2018,133.515422
04/01/2018,134.026268
05/01/2018,135.012889
08/01/2018,135.28767
09/01/2018,135.458609
10/01/2018,135.32189
11/01/2018,136.217079
12/01/2018,137.169235
16/01/2018,136.745494
17/01/2018,138.059972
18/01/2018,137.865262
19/01/2018,138.492197
22/01/2018,139.66275
23/01/2018,140.006117
24/01/2018,139.912528
25/01/2018,140.030106
26/01/2018,141.650051
29/01/2018,140.744477
30/01/2018,139.269098
31/01/2018,139.359696
01/02/2018,139.266519
02/02/2018,136.230431
05/02/2018,130.623106
06/02/2018,132.891033
07/02/2018,132.124631
08/02/2018,127.16479
09/02/2018,129.126511
12/02/2018,130.869389
13/02/2018,131.238126
14/02/2018,133.030089
15/02/2018,134.631062
16/02/2018,134.68281
20/02/2018,133.874738
21/02/2018,133.219152
22/02/2018,133.307479
23/02/2018,135.425705
26/02/2018,137.03446
27/02/2018,135.285097
28/02/2018,133.808335
01/03/2018,131.939181
02/03/2018,132.614002
05/03/2018,134.035744
06/03/2018,134.368456
07/03/2018,134.377252
08/03/2018,135.018914
09/03/2018,137.416664
12/03/2018,137.278809
13/03/2018,136.336846
14/03/2018,135.652287
15/03/2018,135.593124
16/03/2018,135.754224
19/03/2018,133.735421
20/03/2018,133.895801
21/03/2018,133.589837
22/03/2018,130.177229
23/03/2018,127.429638
26/03/2018,130.901151
27/03/2018,128.474485
28/03/2018,128.11654
29/03/2018,129.960826
02/04/2018,127.040039
03/04/2018,128.592775
04/04/2018,130.071144
05/04/2018,130.93986
06/04/2018,128.099178
09/04/2018,128.51371
10/04/2018,130.612787
11/04/2018,129.862694
12/04/2018,130.937071
13/04/2018,130.54786
16/04/2018,131.614159
17/04/2018,133.136614
18/04/2018,133.219654
19/04/2018,132.624123
20/04/2018,131.457487
23/04/2018,131.416395
24/04/2018,129.502683
25/04/2018,129.741996
26/04/2018,131.190489
27/04/2018,131.264548
30/04/2018,130.191867
01/05/2018,130.60435
02/05/2018,129.606449
03/05/2018,129.332337
04/05/2018,131.04744
07/05/2018,131.508456
08/05/2018,131.47361
09/05/2018,132.773559
10/05/2018,134.017826
11/05/2018,134.236202
14/05/2018,134.357263
15/05/2018,133.36607
16/05/2018,133.882019
17/05/2018,133.7372
18/05/2018,133.321229
21/05/2018,134.306972
22/05/2018,133.893225
23/05/2018,134.390499
24/05/2018,134.112203
25/05/2018,133.812446
29/05/2018,132.268512
30/05/2018,133.918721
31/05/2018,133.128649
01/06/2018,134.603946
04/06/2018,135.327132
05/06/2018,135.374238
06/06/2018,136.45351
07/06/2018,136.285331
08/06/2018,136.669932
11/06/2018,136.852415
12/06/2018,137.095629
13/06/2018,136.559174
14/06/2018,136.949227
15/06/2018,136.839125
18/06/2018,136.660532
19/06/2018,136.13078
20/06/2018,136.339616
21/06/2018,135.486744
22/06/2018,135.706495
25/06/2018,133.793137
26/06/2018,134.031961
27/06/2018,132.8378
28/06/2018,133.655437
29/06/2018,133.768416
02/07/2018,134.23426
03/07/2018,133.447183
05/07/2018,134.667798
06/07/2018,135.826936
09/07/2018,137.052002
10/07/2018,137.485613
11/07/2018,136.621428
12/07/2018,137.896693
13/07/2018,138.079396
16/07/2018,137.966371
17/07/2018,138.565355
18/07/2018,138.879537
19/07/2018,138.27074
20/07/2018,138.170304
23/07/2018,138.495679
24/07/2018,139.310012
25/07/2018,140.616263
26/07/2018,140.06945
27/07/2018,139.069077
30/07/2018,138.17528
31/07/2018,138.762755
01/08/2018,138.685576
02/08/2018,139.428977
03/08/2018,140.083986
06/08/2018,140.583678
07/08/2018,141.042208
08/08/2018,141.037824
09/08/2018,140.831351
10/08/2018,139.824928
13/08/2018,139.315365
14/08/2018,140.206701
15/08/2018,139.082866
16/08/2018,140.146192
17/08/2018,140.556995
20/08/2018,140.877198
21/08/2018,141.099566
22/08/2018,141.087209
23/08/2018,140.851263
24/08/2018,141.7398
27/08/2018,142.858001
28/08/2018,142.855108
29/08/2018,143.723703
30/08/2018,143.101352
31/08/2018,143.025848
04/09/2018,142.725949
05/09/2018,142.264442
06/09/2018,141.678286
07/09/2018,141.359474
10/09/2018,141.618466
11/09/2018,142.20147
12/09/2018,142.169602
13/09/2018,142.931986
14/09/2018,142.961858
17/09/2018,142.089003
18/09/2018,142.869543
19/09/2018,143.097254
20/09/2018,144.275838
21/09/2018,144.119303
24/09/2018,143.677348
25/09/2018,143.579728
26/09/2018,143.129418
27/09/2018,143.601513
28/09/2018,143.562137
01/10/2018,144.05764
02/10/2018,143.979354
03/10/2018,144.082523
04/10/2018,142.79702
05/10/2018,141.977975
08/10/2018,141.888908
09/10/2018,141.719064
10/10/2018,136.974442
11/10/2018,134.272129
12/10/2018,136.269553
15/10/2018,135.39388
16/10/2018,138.347426
17/10/2018,138.347462
18/10/2018,136.286885
19/10/2018,136.323437
22/10/2018,135.827267
23/10/2018,135.139506
24/10/2018,130.953747
25/10/2018,133.562175
26/10/2018,131.236732
29/10/2018,130.138208
30/10/2018,132.168531
31/10/2018,133.761563
01/11/2018,135.061838
02/11/2018,134.188162
05/11/2018,134.820318
06/11/2018,135.680579
07/11/2018,138.616353
08/11/2018,138.231899
09/11/2018,136.955384
12/11/2018,134.222488
13/11/2018,134.034667
14/11/2018,133.065346
15/11/2018,134.483331
16/11/2018,134.700783
19/11/2018,132.340077
20/11/2018,130.082027
21/11/2018,130.487099
23/11/2018,129.614343
26/11/2018,131.657131
27/11/2018,132.068206
28/11/2018,135.208792
29/11/2018,134.918343
30/11/2018,136.038577
03/12/2018,137.520553
04/12/2018,132.977099
06/12/2018,132.882655
07/12/2018,129.775748
10/12/2018,130.043709
11/12/2018,130.048814
12/12/2018,130.76376
13/12/2018,130.748813
14/12/2018,128.262729
17/12/2018,125.613251
18/12/2018,125.718786
19/12/2018,123.790878
20/12/2018,121.890556
21/12/2018,119.332083
24/12/2018,116.246231
26/12/2018,122.060057
27/12/2018,123.068842
28/12/2018,122.911124
31/12/2018,123.904194
02/01/2019,124.08833
03/01/2019,120.99857
04/01/2019,125.198775
07/01/2019,126.029378
08/01/2019,127.227004
09/01/2019,127.701571
10/01/2019,128.209255
11/01/2019,128.124878
14/01/2019,127.433252
15/01/2019,128.927026
16/01/2019,129.222346
17/01/2019,130.166038
18/01/2019,131.836727
22/01/2019,129.953641
23/01/2019,130.228628
24/01/2019,130.411323
25/01/2019,131.507049
28/01/2019,130.41933
29/01/2019,130.144759
30/01/2019,132.243392
31/01/2019,133.576452
01/02/2019,133.638163
04/02/2019,134.626668
05/02/2019,135.304438
06/02/2019,134.892764
07/02/2019,133.613622
08/02/2019,133.670745
11/02/2019,133.751951
12/02/2019,135.495583
13/02/2019,135.872369
14/02/2019,135.523609
15/02/2019,136.853857
19/02/2019,137.09329
20/02/2019,137.274462
21/02/2019,136.761678
22/02/2019,137.594117
25/02/2019,137.737255
26/02/2019,137.660135
27/02/2019,137.625834
28/02/2019,137.331472
01/03/2019,138.329156
04/03/2019,137.85042
05/03/2019,137.805298
06/03/2019,136.958414
07/03/2019,135.809598
08/03/2019,135.532963
11/03/2019,137.558075
12/03/2019,138.004881
13/03/2019,138.879109
14/03/2019,138.744279
15/03/2019,139.404627
18/03/2019,139.91047
19/03/2019,139.972463
20/03/2019,139.673765
21/03/2019,141.160837
22/03/2019,138.518175
25/03/2019,138.365748
26/03/2019,139.261858
27/03/2019,138.572868
28/03/2019,139.01159
29/03/2019,139.915258
01/04/2019,141.53666
02/04/2019,141.548696
03/04/2019,141.844162
04/04/2019,142.142206
05/04/2019,142.736789
08/04/2019,142.87096
09/04/2019,142.058475
10/04/2019,142.549121
11/04/2019,142.574297
12/04/2019,143.468574
15/04/2019,143.426831
16/04/2019,143.545472
17/04/2019,143.315609
18/04/2019,143.512589
22/04/2019,143.725468
23/04/2019,145.01775
24/04/2019,144.669195
25/04/2019,144.71292
26/04/2019,145.386673
29/04/2019,145.626165
30/04/2019,145.3169
01/05/2019,144.192623
02/05/2019,143.90212
03/05/2019,145.349882
06/05/2019,144.740435
07/05/2019,142.401335
08/05/2019,142.152468
09/05/2019,141.726329
10/05/2019,142.218434
13/05/2019,138.77542
14/05/2019,139.767705
15/05/2019,140.773006
16/05/2019,142.036871
17/05/2019,141.163508
20/05/2019,140.145894
21/05/2019,141.283972
22/05/2019,140.918882
23/05/2019,139.266123
24/05/2019,139.415637
28/05/2019,138.345233
29/05/2019,137.348468
30/05/2019,137.627491
31/05/2019,135.81718
03/06/2019,135.027169
04/06/2019,137.879808
05/06/2019,138.913591
06/06/2019,139.768063
07/06/2019,141.309665
10/06/2019,142.066892
11/06/2019,142.036449
12/06/2019,141.743971
13/06/2019,142.312522
14/06/2019,142.095255
17/06/2019,142.27655
18/06/2019,143.625214
19/06/2019,144.042511
20/06/2019,145.388315
21/06/2019,145.271321
24/06/2019,145.021276
25/06/2019,143.560432
26/06/2019,143.374871
27/06/2019,143.885543
28/06/2019,144.690037
01/07/2019,145.817527
02/07/2019,146.306709
03/07/2019,147.428794
05/07/2019,147.224916
08/07/2019,146.501963
09/07/2019,146.749253
10/07/2019,147.469958
11/07/2019,147.809053
12/07/2019,148.465836
15/07/2019,148.531066
16/07/2019,148.048878
17/07/2019,147.093102
18/07/2019,147.5943
19/07/2019,146.647267
22/07/2019,147.087451
23/07/2019,148.071735
24/07/2019,148.693672
25/07/2019,147.928094
26/07/2019,149.456472
29/07/2019,149.167684
30/07/2019,148.713844
31/07/2019,147.109554
01/08/2019,145.838826
02/08/2019,144.752504
05/08/2019,140.428049
06/08/2019,142.246229
07/08/2019,142.381223
08/08/2019,145.058355
09/08/2019,144.070469
12/08/2019,142.367564
13/08/2019,144.488292
14/08/2019,140.323409
15/08/2019,140.74428
16/08/2019,142.694425
19/08/2019,144.454298
20/08/2019,143.279598
21/08/2019,144.440514
22/08/2019,144.359249
23/08/2019,140.626172
26/08/2019,142.206024
27/08/2019,141.774394
28/08/2019,142.666306
29/08/2019,144.497025
30/08/2019,144.56731
03/09/2019,143.542062
04/09/2019,145.079035
05/09/2019,147.011215
06/09/2019,147.090766
09/09/2019,147.091519
10/09/2019,147.103299
11/09/2019,148.154803
12/09/2019,148.623772
13/09/2019,148.546151
16/09/2019,148.015993
17/09/2019,148.39416
18/09/2019,148.465001
19/09/2019,148.502063
20/09/2019,147.752754
23/09/2019,147.758848
24/09/2019,146.508634
25/09/2019,147.502779
26/09/2019,147.117364
27/09/2019,146.308341
30/09/2019,146.985347
01/10/2019,145.233835
02/10/2019,142.629434
03/10/2019,143.760789
04/10/2019,145.826432
07/10/2019,145.200348
08/10/2019,142.9952
09/10/2019,144.315309
10/10/2019,145.222259
11/10/2019,146.759219
14/10/2019,146.576597
15/10/2019,148.075073
16/10/2019,147.817081
17/10/2019,148.251457
18/10/2019,147.643682
21/10/2019,148.638791
22/10/2019,148.063215
23/10/2019,148.525911
24/10/2019,148.813087
25/10/2019,149.419381
28/10/2019,150.316044
29/10/2019,150.04501
30/10/2019,150.490903
31/10/2019,150.069062
01/11/2019,151.467876
04/11/2019,152.076767
05/11/2019,151.934546
06/11/2019,152.05884
07/11/2019,152.538549
08/11/2019,152.907515
11/11/2019,152.575803
12/11/2019,152.813506
13/11/2019,152.911352
14/11/2019,153.055923
15/11/2019,154.244367
18/11/2019,154.294274
19/11/2019,154.225238
20/11/2019,153.63322
21/11/2019,153.379223
22/11/2019,153.660728
25/11/2019,154.80995
26/11/2019,155.182696
27/11/2019,155.796201
29/11/2019,155.172403
02/12/2019,153.840084
03/12/2019,152.895089
04/12/2019,153.894983
05/12/2019,154.138469
06/12/2019,155.525078
09/12/2019,155.075272
10/12/2019,154.900209
11/12/2019,155.334091
12/12/2019,156.569862
13/12/2019,156.580191
16/12/2019,157.692476
17/12/2019,157.729543
18/12/2019,157.640214
19/12/2019,158.337076
20/12/2019,159.038147
23/12/2019,159.169427
24/12/2019,159.119994
26/12/2019,160.017386
27/12/2019,159.978296
30/12/2019,159.0327
31/12/2019,159.455645
02/01/2020,160.90427
03/01/2020,159.779721
06/01/2020,160.46454
07/01/2020,160.022312
08/01/2020,160.821711
09/01/2020,161.957657
10/01/2020,161.556774
13/01/2020,162.689738
14/01/2020,162.405328
15/01/2020,162.732143
16/01/2020,164.084172
17/01/2020,164.805968
21/01/2020,164.399373
22/01/2020,164.467979
23/01/2020,164.622608
24/01/2020,163.132009
27/01/2020,160.549597
28/01/2020,162.182175
29/01/2020,162.098808
30/01/2020,162.595975
31/01/2020,159.784932
03/02/2020,161.068778
04/02/2020,163.204149
05/02/2020,164.916592
06/02/2020,165.604028
07/02/2020,164.810727
10/02/2020,166.089806
11/02/2020,166.376017
12/02/2020,167.478164
13/02/2020,167.213622
14/02/2020,167.519521
18/02/2020,167.096774
19/02/2020,167.886677
20/02/2020,167.216241
21/02/2020,165.379086
24/02/2020,159.780025
25/02/2020,155.056412
26/02/2020,154.539221
27/02/2020,147.732386
28/02/2020,146.658769
02/03/2020,153.350377
03/03/2020,149.005378
04/03/2020,155.180412
05/03/2020,149.902332
06/03/2020,147.430801
09/03/2020,136.501117
10/03/2020,143.212281
11/03/2020,136.332788
12/03/2020,123.541592
13/03/2020,134.978754
16/03/2020,119.152814
17/03/2020,126.116184
18/03/2020,119.996414
19/03/2020,120.654267
20/03/2020,115.546435
23/03/2020,112.38909
24/03/2020,122.517664
25/03/2020,123.655262
26/03/2020,131.159369
27/03/2020,126.762851
30/03/2020,130.973308
31/03/2020,129.03254
01/04/2020,123.476474
02/04/2020,126.221201
03/04/2020,124.316733
06/04/2020,132.928448
07/04/2020,132.692264
08/04/2020,137.009929
09/04/2020,138.825745
13/04/2020,137.630145
14/04/2020,141.879118
15/04/2020,138.964343
16/04/2020,139.792954
17/04/2020,143.319889
20/04/2020,140.815585
21/04/2020,136.506748
22/04/2020,139.691213
23/04/2020,139.640562
24/04/2020,141.473204
27/04/2020,143.331802
28/04/2020,142.383169
29/04/2020,146.390503
30/04/2020,145.229577
01/05/2020,141.286696
04/05/2020,141.891435
05/05/2020,143.206354
06/05/2020,142.280488
07/05/2020,143.952298
08/05/2020,146.271564
11/05/2020,146.378703
12/05/2020,143.43841
13/05/2020,141.030986
14/05/2020,142.616068
15/05/2020,143.253028
18/05/2020,147.492772
19/05/2020,145.98713
20/05/2020,148.46619
21/05/2020,147.294537
22/05/2020,147.64251
26/05/2020,149.356158
27/05/2020,151.407998
28/05/2020,151.146137
29/05/2020,151.909177
01/06/2020,152.451386
02/06/2020,153.651505
03/06/2020,155.546716
04/06/2020,154.913915
05/06/2020,158.794932
08/06/2020,160.586269
09/06/2020,159.532008
10/06/2020,158.855238
11/06/2020,149.808062
12/06/2020,151.640336
15/06/2020,152.857374
16/06/2020,155.672594
17/06/2020,155.198326
18/06/2020,155.252145
19/06/2020,154.432582
22/06/2020,155.500371
23/06/2020,156.215877
24/06/2020,152.32099
25/06/2020,153.925065
26/06/2020,149.967319
29/06/2020,152.174862
30/06/2020,154.469813
01/07/2020,155.376746
02/07/2020,156.121628
06/07/2020,158.648508
07/07/2020,157.057307
08/07/2020,158.275202
09/07/2020,157.583667
10/07/2020,159.273124
13/07/2020,157.697659
14/07/2020,159.713277
15/07/2020,160.984854
16/07/2020,160.47685
17/07/2020,160.868777
20/07/2020,162.447934
21/07/2020,162.628808
22/07/2020,163.513727
23/07/2020,161.343192
24/07/2020,160.411388
27/07/2020,161.610073
28/07/2020,160.507117
29/07/2020,162.460204
30/07/2020,161.958867
31/07/2020,163.0389
03/08/2020,164.085154
04/08/2020,164.634456
05/08/2020,165.645586
06/08/2020,166.856986
07/08/2020,166.935577
10/08/2020,167.360779
11/08/2020,165.995522
12/08/2020,168.314111
13/08/2020,168.066237
14/08/2020,167.989539
17/08/2020,168.484048
18/08/2020,169.085315
19/08/2020,168.335657
20/08/2020,168.994551
21/08/2020,169.583553
24/08/2020,171.245422
25/08/2020,171.939518
26/08/2020,173.849383
27/08/2020,174.06391
28/08/2020,175.246752
31/08/2020,174.870578
01/09/2020,176.29412
02/09/2020,179.106404
03/09/2020,172.74761
04/09/2020,171.19416
08/09/2020,166.400218
09/09/2020,169.716834
10/09/2020,166.764911
11/09/2020,166.75904
14/09/2020,168.737951
15/09/2020,169.707421
16/09/2020,168.783144
17/09/2020,167.274262
18/09/2020,165.338213
21/09/2020,163.500669
22/09/2020,165.346268
23/09/2020,161.390469
24/09/2020,161.921856
25/09/2020,164.466697
28/09/2020,167.050987
29/09/2020,166.331512
30/09/2020,167.628084
01/10/2020,168.614099
02/10/2020,166.859594
05/10/2020,169.810628
06/10/2020,167.386361
07/10/2020,170.164924
08/10/2020,171.536309
09/10/2020,173.14127
12/10/2020,176.154706
13/10/2020,175.122027
14/10/2020,173.938147
15/10/2020,173.609361
16/10/2020,173.636715
19/10/2020,170.755099
20/10/2020,171.623999
21/10/2020,171.448513
22/10/2020,172.294418
23/10/2020,172.97827
26/10/2020,169.748695
27/10/2020,169.379489
28/10/2020,163.301994
29/10/2020,165.377345
30/10/2020,163.603251
02/11/2020,165.469958
03/11/2020,168.343499
04/11/2020,172.403795
05/11/2020,175.651369
06/11/2020,175.647162
09/11/2020,177.424308
10/11/2020,177.066835
11/11/2020,178.451378
12/11/2020,176.794605
13/11/2020,179.151458
16/11/2020,181.097867
17/11/2020,180.196588
18/11/2020,178.147489
19/11/2020,178.882524
20/11/2020,177.605757
23/11/2020,178.458979
24/11/2020,181.313001
25/11/2020,181.103924
27/11/2020,181.616464
30/11/2020,180.727658
01/12/2020,182.821709
02/12/2020,183.217276
03/12/2020,183.034097
04/12/2020,184.480188
07/12/2020,184.140477
08/12/2020,184.586048
09/12/2020,182.98811
10/12/2020,182.703498
11/12/2020,182.523821
14/12/2020,181.716506
15/12/2020,183.946963
16/12/2020,184.27121
17/12/2020,185.222936
18/12/2020,184.546252
21/12/2020,183.871104
22/12/2020,183.436757
23/12/2020,183.574159
24/12/2020,184.238324
28/12/2020,186.014518
29/12/2020,185.58127
30/12/2020,185.704448
31/12/2020,186.882142
04/01/2021,184.148738
05/01/2021,185.385556
06/01/2021,186.212342
07/01/2021,189.067892
08/01/2021,190.229575
11/01/2021,188.770517
12/01/2021,188.700416
13/01/2021,189.18823
14/01/2021,188.340953
15/01/2021,187.058744
19/01/2021,188.714537
20/01/2021,191.675418
21/01/2021,191.789771
22/01/2021,191.285536
25/01/2021,192.007386
26/01/2021,191.859664
27/01/2021,186.779045
28/01/2021,188.554204
29/01/2021,184.954526
01/02/2021,188.078463
02/02/2021,190.704656
03/02/2021,191.37235
04/02/2021,193.328033
05/02/2021,194.204816
08/02/2021,195.485337
09/02/2021,195.223797
10/02/2021,195.151034
11/02/2021,195.453707
12/02/2021,196.33808
16/02/2021,196.25502
17/02/2021,196.249972
18/02/2021,195.37393
19/02/2021,194.851473
22/02/2021,193.226124
23/02/2021,193.485701
24/02/2021,195.579348
25/02/2021,190.791461
26/02/2021,189.942728
01/03/2021,194.443799
02/03/2021,192.926788
03/03/2021,190.277186
04/03/2021,187.956183
05/03/2021,191.681301
08/03/2021,190.294708
09/03/2021,193.103109
10/03/2021,194.237992
11/03/2021,196.376709
12/03/2021,196.31579
15/03/2021,197.464019
16/03/2021,197.345627
17/03/2021,197.877133
18/03/2021,194.841589
19/03/2021,194.749982
22/03/2021,196.081952
23/03/2021,194.800823
24/03/2021,193.717031
25/03/2021,194.644035
26/03/2021,197.616733
29/03/2021,197.627691
30/03/2021,197.013045
31/03/2021,197.785195
01/04/2021,200.256436
05/04/2021,203.470741
06/04/2021,203.262323
07/04/2021,203.683066
08/04/2021,204.588038
09/04/2021,206.14888
12/04/2021,206.036161
13/04/2021,206.766201
14/04/2021,205.8317
15/04/2021,208.194573
16/04/2021,208.912375
19/04/2021,207.858148
20/04/2021,206.518397
21/04/2021,208.310449
22/04/2021,206.340582
23/04/2021,208.643907
26/04/2021,209.035882
27/04/2021,208.905849
28/04/2021,209.023228
29/04/2021,210.619443
30/04/2021,209.130052
03/05/2021,209.557152
04/05/2021,208.048098
05/05/2021,208.177901
06/05/2021,209.925416
07/05/2021,211.411527
10/05/2021,209.008254
11/05/2021,207.214457
12/05/2021,202.726312
13/05/2021,205.153707
14/05/2021,208.270866
17/05/2021,207.788096
18/05/2021,206.066995
19/05/2021,205.550997
20/05/2021,207.794898
21/05/2021,207.54781
24/05/2021,209.794767
25/05/2021,209.412254
26/05/2021,209.856286
27/05/2021,209.947704
28/05/2021,210.086518
01/06/2021,210.035198
02/06/2021,210.271742
03/06/2021,209.447632
04/06/2021,211.420232
07/06/2021,211.339569
08/06/2021,211.38351
09/06/2021,211.042801
10/06/2021,212.093089
11/06/2021,212.447911
14/06/2021,212.909116
15/06/2021,212.422161
16/06/2021,211.28315
17/06/2021,211.381575
18/06/2021,208.690244
21/06/2021,211.496908
22/06/2021,212.605976
23/06/2021,212.366022
24/06/2021,213.560438
25/06/2021,214.219369
28/06/2021,214.716025
29/06/2021,214.719385
30/06/2021,214.942902
01/07/2021,216.029676
02/07/2021,217.813198
06/07/2021,217.572983
07/07/2021,218.303678
08/07/2021,216.47051
09/07/2021,218.775334
12/07/2021,219.589533
13/07/2021,218.920872
14/07/2021,219.25629
15/07/2021,218.513479
16/07/2021,217.001589
19/07/2021,213.585183
20/07/2021,216.748349
21/07/2021,218.474083
22/07/2021,218.970829
23/07/2021,221.38703
26/07/2021,222.037156
27/07/2021,220.814312
28/07/2021,220.863488
29/07/2021,221.681233
30/07/2021,220.364843
02/08/2021,220.038111
03/08/2021,221.685904
04/08/2021,220.681639
05/08/2021,222.019027
06/08/2021,222.33063
09/08/2021,222.156395
10/08/2021,222.396339
11/08/2021,222.968043
12/08/2021,223.629782
13/08/2021,223.992823
16/08/2021,224.637052
17/08/2021,222.970597
18/08/2021,220.645819
19/08/2021,220.958798
20/08/2021,222.764171
23/08/2021,224.723863
24/08/2021,225.155967
25/08/2021,225.642021
26/08/2021,224.352504
27/08/2021,226.4412
30/08/2021,227.501872
31/08/2021,227.218585
01/09/2021,227.317407
02/09/2021,227.673047
03/09/2021,227.611473
07/09/2021,226.955754
08/09/2021,226.654618
09/09/2021,225.581699
10/09/2021,223.725926
13/09/2021,224.332237
14/09/2021,223.075359
15/09/2021,224.919526
16/09/2021,224.53793
17/09/2021,222.407426
20/09/2021,218.65285
21/09/2021,218.540468
22/09/2021,220.549783
23/09/2021,223.120405
24/09/2021,223.522198
27/09/2021,222.841429
28/09/2021,218.146072
29/09/2021,218.347231
30/09/2021,215.842594
01/10/2021,218.371907
04/10/2021,215.424059
05/10/2021,217.779413
06/10/2021,218.746761
07/10/2021,220.592037
08/10/2021,220.275548
11/10/2021,218.755893
12/10/2021,218.093917
13/10/2021,218.800491
14/10/2021,222.550697
15/10/2021,224.180105
18/10/2021,225.04806
19/10/2021,226.676962
20/10/2021,227.314727
21/10/2021,227.997024
22/10/2021,227.428093
25/10/2021,228.511607
26/10/2021,228.976049
27/10/2021,228.385004
28/10/2021,230.467271
29/10/2021,231.058626
01/11/2021,231.119361
02/11/2021,232.04651
03/11/2021,233.590586
04/11/2021,234.688853
05/11/2021,235.560221
08/11/2021,235.688474
09/11/2021,234.790984
10/11/2021,232.79371
11/11/2021,232.866017
12/11/2021,234.65974
15/11/2021,234.630662
16/11/2021,235.429699
17/11/2021,234.870419
18/11/2021,235.79222
19/11/2021,235.454209
22/11/2021,234.54513
23/11/2021,234.863258
24/11/2021,235.407329
26/11/2021,230.075329
29/11/2021,233.170267
30/11/2021,228.757134
01/12/2021,226.069519
02/12/2021,229.187739
03/12/2021,227.273885
06/12/2021,229.907577
07/12/2021,234.680612
08/12/2021,235.406895
09/12/2021,233.789514
10/12/2021,235.999523
13/12/2021,233.842356
14/12/2021,232.139932
15/12/2021,235.927169
16/12/2021,233.786846
17/12/2021,231.306225
20/12/2021,228.753027
21/12/2021,232.708864
22/12/2021,235.16308
23/12/2021,236.59098
27/12/2021,239.706537
28/12/2021,239.386015
29/12/2021,239.660287
30/12/2021,238.944475
31/12/2021,238.220075
03/01/2022,239.840782
04/01/2022,239.602886
05/01/2022,234.702992
06/01/2022,234.466935
07/01/2022,233.5303
10/01/2022,233.313703
11/01/2022,235.437185
12/01/2022,236.188828
13/01/2022,232.787265
14/01/2022,233.031291
18/01/2022,228.700713
19/01/2022,226.538145
20/01/2022,224.04627
21/01/2022,219.724996
24/01/2022,220.311871
25/01/2022,217.487746
26/01/2022,217.396972
27/01/2022,216.218402
28/01/2022,221.591078
31/01/2022,225.751252
01/02/2022,227.410033
02/02/2022,230.196848
03/02/2022,224.377628
04/02/2022,225.602572
07/02/2022,224.479273
08/02/2022,226.270084
09/02/2022,229.502189
10/02/2022,225.363863
11/02/2022,220.942261
14/02/2022,220.293909
15/02/2022,223.613683
16/02/2022,223.887456
17/02/2022,219.044378
18/02/2022,217.411811
22/02/2022,215.232248
23/02/2022,211.281136
24/02/2022,214.655976
25/02/2022,219.274156
28/02/2022,218.848491
01/03/2022,215.598687
02/03/2022,219.360888
03/03/2022,218.22721
04/03/2022,216.439229
07/03/2022,209.959095
08/03/2022,208.557323
09/03/2022,214.135037
10/03/2022,213.262153
11/03/2022,210.479355
14/03/2022,208.740338
15/03/2022,213.215501
16/03/2022,218.032041
17/03/2022,220.656977
18/03/2022,223.275837
21/03/2022,223.192659
22/03/2022,225.944285
23/03/2022,223.239829
24/03/2022,226.476148
25/03/2022,227.550107
28/03/2022,229.213179
29/03/2022,231.892104
30/03/2022,230.499819
31/03/2022,226.895924
01/04/2022,227.739922
04/04/2022,229.768067
05/04/2022,226.841875
06/04/2022,224.419663
07/04/2022,225.238747
08/04/2022,224.478267
11/04/2022,220.530938
12/04/2022,219.740884
13/04/2022,222.252887
14/04/2022,219.470853
18/04/2022,219.508972
19/04/2022,223.042877
20/04/2022,222.667573
21/04/2022,219.348289
22/04/2022,213.197198
25/04/2022,214.598224
26/04/2022,208.533245
27/04/2022,208.650896
28/04/2022,213.967286
29/04/2022,206.183111
02/05/2022,207.432337
03/05/2022,208.386954
04/05/2022,214.653403
05/05/2022,206.934077
06/05/2022,205.726896
09/05/2022,199.301823
10/05/2022,199.900361
11/05/2022,196.707575
12/05/2022,196.352922
13/05/2022,201.017143
16/05/2022,200.090217
17/05/2022,203.897469
18/05/2022,195.702079
19/05/2022,194.431058
20/05/2022,194.360249
23/05/2022,198.004374
24/05/2022,195.988209
25/05/2022,197.73036
26/05/2022,201.666283
27/05/2022,206.753735
31/05/2022,205.695623
01/06/2022,204.264238
02/06/2022,208.093157
03/06/2022,204.573227
06/06/2022,205.391917
07/06/2022,207.212767
08/06/2022,205.139866
09/06/2022,200.322915
10/06/2022,194.567212
13/06/2022,187.108531
14/06/2022,186.560119
15/06/2022,189.38539
16/06/2022,183.341383
17/06/2022,183.814329
21/06/2022,188.458434
22/06/2022,188.202563
23/06/2022,189.962033
24/06/2022,195.901953
27/06/2022,195.181335
28/06/2022,191.104354
29/06/2022,191.00475
30/06/2022,189.200658
01/07/2022,191.091514
05/07/2022,191.812961
06/07/2022,192.572552
07/07/2022,195.59945
08/07/2022,195.539907
11/07/2022,193.085599
12/07/2022,191.281683
13/07/2022,190.312683
14/07/2022,189.759472
15/07/2022,193.28486
18/07/2022,191.532498
19/07/2022,196.890294
20/07/2022,198.013687
21/07/2022,199.949099
22/07/2022,197.683837
25/07/2022,197.894712
26/07/2022,195.394658
27/07/2022,200.901025
28/07/2022,203.289776
29/07/2022,206.304487
01/08/2022,205.638746
02/08/2022,204.368986
03/08/2022,207.644812
04/08/2022,207.47704
05/08/2022,207.082134
08/08/2022,206.803071
09/08/2022,205.970866
10/08/2022,210.340568
11/08/2022,210.08638
12/08/2022,213.780567
15/08/2022,214.654198
16/08/2022,215.046887
17/08/2022,213.428665
18/08/2022,213.916338
19/08/2022,211.06272
22/08/2022,206.574315
23/08/2022,206.12462
24/08/2022,206.685308
25/08/2022,209.667979
26/08/2022,202.504936
29/08/2022,201.168998
30/08/2022,199.038287
31/08/2022,197.521255
01/09/2022,198.249873
02/09/2022,196.067003
06/09/2022,195.224794
07/09/2022,198.825348
08/09/2022,199.961574
09/09/2022,203.054174
12/09/2022,205.110403
13/09/2022,196.190936
14/09/2022,196.915279
15/09/2022,194.628216
16/09/2022,193.282512
19/09/2022,194.59347
20/09/2022,192.410404
21/09/2022,189.14329
22/09/2022,187.679997
23/09/2022,184.451058
26/09/2022,182.664246
27/09/2022,182.240172
28/09/2022,185.837508
29/09/2022,181.896367
30/09/2022,179.136851
03/10/2022,183.702185
04/10/2022,189.219069
05/10/2022,188.812117
06/10/2022,187.001512
07/10/2022,181.824876
10/10/2022,180.532466
11/10/2022,179.36018
12/10/2022,178.824727
13/10/2022,183.296059
14/10/2022,178.960379
17/10/2022,183.722636
18/10/2022,185.781991
19/10/2022,184.570567
20/10/2022,183.233409
21/10/2022,187.442276
24/10/2022,189.639445
25/10/2022,192.695896
26/10/2022,190.602184
27/10/2022,189.233662
28/10/2022,193.985381
31/10/2022,192.459897
01/11/2022,191.351078
02/11/2022,186.522669
03/11/2022,184.372274
04/11/2022,186.965493
07/11/2022,188.79673
08/11/2022,189.788022
09/11/2022,185.894154
10/11/2022,196.137352
11/11/2022,198.060627
14/11/2022,196.326445
15/11/2022,198.200077
16/11/2022,196.724255
17/11/2022,196.131571
18/11/2022,196.933532
21/11/2022,196.002669
22/11/2022,198.630404
23/11/2022,199.881949
25/11/2022,199.723076
28/11/2022,196.747253
29/11/2022,196.349206
30/11/2022,202.580379
01/12/2022,202.405078
02/12/2022,202.153689
05/12/2022,198.636256
06/12/2022,195.688484
07/12/2022,195.146745
08/12/2022,196.430475
09/12/2022,194.976522
12/12/2022,197.626488
13/12/2022,199.120932
14/12/2022,197.924714
15/12/2022,192.920857
16/12/2022,190.866088
19/12/2022,189.092294
20/12/2022,189.315727
21/12/2022,192.045831
22/12/2022,189.233985
23/12/2022,190.412073
27/12/2022,189.506776
28/12/2022,187.22895
29/12/2022,190.517139
30/12/2022,190.060183
03/01/2023,189.40985
04/01/2023,190.662145
05/01/2023,188.443853
06/01/2023,192.673338
09/01/2023,192.590912
10/01/2023,193.868451
11/01/2023,196.467719
12/01/2023,197.051421
13/01/2023,197.884541
17/01/2023,197.442143
18/01/2023,194.463089
19/01/2023,193.218155
20/01/2023,197.086754
23/01/2023,199.446372
24/01/2023,199.190742
25/01/2023,198.97591
26/01/2023,201.223338
27/01/2023,201.876222
30/01/2023,199.183749
31/01/2023,202.08742
01/02/2023,204.184068
02/02/2023,207.624475
03/02/2023,205.372169
06/02/2023,204.051175
07/02/2023,206.874451
08/02/2023,204.091742
09/02/2023,202.059928
10/02/2023,202.434298
13/02/2023,204.651575
14/02/2023,204.619175
15/02/2023,205.316702
16/02/2023,202.51856
17/02/2023,201.930144
21/02/2023,197.919522
22/02/2023,197.604896
23/02/2023,198.493458
24/02/2023,196.397069
27/02/2023,197.01862
28/02/2023,196.468507
01/03/2023,195.560647
02/03/2023,197.047588
03/03/2023,200.238645
06/03/2023,200.5312
07/03/2023,197.498475
08/03/2023,197.760298
09/03/2023,194.13756
10/03/2023,191.360363
13/03/2023,191.177728
14/03/2023,194.480503
15/03/2023,193.422785
16/03/2023,196.956724
17/03/2023,195.055338
20/03/2023,196.693985
21/03/2023,199.42994
22/03/2023,196.240503
23/03/2023,196.970681
24/03/2023,197.976513
27/03/2023,198.071772
28/03/2023,197.613241
29/03/2023,200.321929
30/03/2023,201.359959
31/03/2023,204.341919
03/04/2023,205.133164
04/04/2023,204.056132
05/04/2023,203.565973
06/04/2023,204.574165
10/04/2023,204.567787
11/04/2023,204.475829
12/04/2023,203.620203
13/04/2023,206.442391
14/04/2023,206.169843
17/04/2023,206.575308
18/04/2023,206.644224
19/04/2023,206.590161
20/04/2023,205.493625
21/04/2023,205.694643
24/04/2023,205.908565
25/04/2023,202.689386
26/04/2023,201.916458
27/04/2023,206.025009
28/04/2023,207.564724
01/05/2023,207.449702
02/05/2023,205.038371
03/05/2023,203.679704
04/05/2023,202.274228
05/05/2023,205.927515
08/05/2023,206.194952
09/05/2023,205.270309
10/05/2023,206.490131
11/05/2023,206.578327
12/05/2023,206.335467
15/05/2023,206.796787
16/05/2023,205.825526
17/05/2023,208.233841
18/05/2023,210.235623
19/05/2023,209.940043
22/05/2023,210.122552
23/05/2023,207.707698
24/05/2023,206.185461
25/05/2023,208.044546
26/05/2023,210.695629
30/05/2023,210.655127
31/05/2023,209.440705
01/06/2023,211.491416
02/06/2023,214.406471
05/06/2023,214.132377
06/06/2023,214.710547
07/06/2023,213.501732
08/06/2023,214.78985
09/06/2023,215.06823
12/06/2023,217.101745
13/06/2023,218.506736
14/06/2023,218.733897
15/06/2023,221.37592
16/06/2023,220.466286
20/06/2023,219.4893
21/06/2023,218.214648
22/06/2023,219.227272
23/06/2023,217.599351
26/06/2023,216.294215
27/06/2023,218.638166
28/06/2023,218.719853
29/06/2023,219.551542
30/06/2023,222.178299
03/07/2023,222.442643
05/07/2023,222.209345
06/07/2023,220.417818
07/07/2023,219.720377
10/07/2023,219.922492
11/07/2023,221.36592
12/07/2023,223.097185
13/07/2023,225.295308
14/07/2023,225.179688
17/07/2023,225.940736
18/07/2023,227.371293
19/07/2023,227.759576
20/07/2023,226.029671
21/07/2023,226.140778
24/07/2023,227.13183
25/07/2023,227.757233
26/07/2023,228.254829
27/07/2023,226.903522
28/07/2023,229.289593
31/07/2023,229.615163
01/08/2023,228.948573
02/08/2023,225.760945
03/08/2023,225.26616
04/08/2023,224.152884
07/08/2023,226.365777
08/08/2023,225.496929
09/08/2023,223.868483
10/08/2023,223.947485
11/08/2023,223.733311
14/08/2023,225.065212
15/08/2023,222.496671
16/08/2023,220.823463
17/08/2023,219.283528
18/08/2023,219.072651
21/08/2023,220.511593
22/08/2023,220.009151
23/08/2023,222.549292
24/08/2023,219.483846
25/08/2023,220.928984
28/08/2023,222.308253
29/08/2023,225.659495
30/08/2023,226.564799
31/08/2023,226.249212
01/09/2023,226.558262
05/09/2023,225.719595
06/09/2023,224.13236
07/09/2023,223.595189
08/09/2023,223.991148
11/09/2023,225.546088
12/09/2023,224.140592
13/09/2023,224.571966
14/09/2023,226.448461
15/09/2023,223.816468
18/09/2023,224.017584
19/09/2023,223.565133
20/09/2023,221.250113
21/09/2023,217.557147
22/09/2023,217.05078
25/09/2023,217.935133
26/09/2023,214.710704
27/09/2023,214.878545
28/09/2023,216.186299
29/09/2023,215.515994
02/10/2023,215.830906
03/10/2023,212.888358
04/10/2023,214.77365
05/10/2023,214.488152
06/10/2023,217.059466
09/10/2023,218.406866
10/10/2023,219.472466
11/10/2023,220.547524
12/10/2023,219.170853
13/10/2023,218.014643
16/10/2023,220.320824
17/10/2023,220.326043
18/10/2023,217.42467
19/10/2023,215.668601
20/10/2023,212.914462
23/10/2023,212.703763
24/10/2023,214.344064
25/10/2023,210.465107
26/10/2023,207.828337
27/10/2023,206.911579
30/10/2023,209.452792
31/10/2023,210.743341
01/11/2023,213.034781
02/11/2023,216.908382
03/11/2023,218.881107
06/11/2023,219.354715
07/11/2023,220.034208
08/11/2023,220.316724
09/11/2023,218.517905
10/11/2023,221.895747
13/11/2023,221.729186
14/11/2023,225.780847
15/11/2023,226.169315
16/11/2023,226.52149
17/11/2023,226.670248
20/11/2023,228.312147
21/11/2023,227.946501
22/11/2023,228.931087
24/11/2023,228.925482
27/11/2023,228.475072
28/11/2023,228.758184
29/11/2023,228.325966
30/11/2023,228.921673
01/12/2023,230.083097
04/12/2023,228.695335
05/12/2023,228.741831
06/12/2023,227.784542
07/12/2023,230.035851
08/12/2023,230.752006
11/12/2023,231.417985
12/12/2023,232.274758
13/12/2023,235.264804
14/12/2023,235.714079
15/12/2023,235.79033
18/12/2023,237.08989
19/12/2023,238.474753
20/12/2023,235.276718
21/12/2023,237.705038
22/12/2023,238.124564
26/12/2023,239.067011
27/12/2023,239.280526
28/12/2023,239.343452
29/12/2023,238.676179
02/01/2024,237.330009
03/01/2024,235.651382
04/01/2024,234.675924
05/01/2024,235.024741
08/01/2024,238.382352
09/01/2024,238.196001
10/01/2024,239.576013
11/01/2024,239.40769
12/01/2024,239.642279
16/01/2024,238.73535
17/01/2024,237.404175
18/01/2024,239.541622
19/01/2024,242.501029
22/01/2024,242.938592
23/01/2024,243.727487
24/01/2024,244.063412
25/01/2024,245.455221
26/01/2024,245.376789
29/01/2024,247.199775
30/01/2024,246.939102
31/01/2024,242.360687
01/02/2024,245.324975
02/02/2024,248.012814
05/02/2024,247.368055
06/02/2024,247.936446
07/02/2024,249.978237
08/02/2024,250.115635
09/02/2024,251.704932
12/02/2024,251.344938
13/02/2024,247.956162
14/02/2024,250.211841
15/02/2024,251.381038
16/02/2024,250.087293
20/02/2024,248.723815
21/02/2024,249.153851
22/02/2024,254.227044
23/02/2024,254.298822
26/02/2024,252.921183
27/02/2024,253.40323
28/02/2024,252.832708
29/02/2024,254.205433
01/03/2024,255.961898
04/03/2024,255.323252
05/03/2024,252.824588
06/03/2024,253.9293
07/03/2024,256.560984
08/03/2024,255.080874
11/03/2024,254.996414
12/03/2024,257.84022
13/03/2024,257.477441
14/03/2024,257.068962
15/03/2024,255.303042
18/03/2024,257.349829
19/03/2024,258.672935
20/03/2024,260.983277
21/03/2024,261.652736
22/03/2024,261.503018
25/03/2024,260.690553
26/03/2024,260.052827
27/03/2024,262.152035
28/03/2024,262.407665
01/04/2024,262.237084
02/04/2024,260.428114
03/04/2024,260.787759
04/04/2024,257.471016
05/04/2024,260.335481
08/04/2024,260.385822
09/04/2024,260.836044
10/04/2024,258.529511
11/04/2024,260.611361
12/04/2024,256.944484
15/04/2024,253.837785
16/04/2024,253.311937
17/04/2024,252.007525
18/04/2024,251.492875
19/04/2024,249.292834
22/04/2024,251.492961
23/04/2024,254.434599
24/04/2024,254.587862
25/04/2024,253.196154
26/04/2024,256.767919
29/04/2024,257.092269
30/04/2024,253.063608
01/05/2024,252.334852
02/05/2024,254.733067
03/05/2024,257.751744
06/05/2024,260.310786
07/05/2024,260.909865
08/05/2024,260.763922
09/05/2024,262.010673
10/05/2024,262.304016
13/05/2024,262.285658
14/05/2024,263.546653
15/05/2024,266.530334
16/05/2024,266.235128
17/05/2024,266.693598
20/05/2024,266.969725
21/05/2024,267.719349
22/05/2024,266.933762
23/05/2024,264.817828
24/05/2024,266.627352
28/05/2024,266.763596
29/05/2024,264.922105
30/05/2024,263.17007
31/05/2024,265.186285
03/06/2024,265.551797
04/06/2024,266.057467
05/06/2024,269.128608
06/06/2024,269.237937
07/06/2024,268.806874
10/06/2024,269.47139
11/06/2024,270.289221
12/06/2024,272.5365
13/06/2024,272.93897
14/06/2024,272.964879
17/06/2024,275.038212
18/06/2024,275.471933
20/06/2024,274.932197
21/06/2024,274.753289
24/06/2024,274.026029
25/06/2024,275.360465
26/06/2024,275.83586
27/06/2024,276.183406
28/06/2024,274.780549
01/07/2024,275.640968
02/07/2024,277.506669
03/07/2024,278.865944
05/07/2024,280.766134
08/07/2024,280.866116
09/07/2024,281.08293
10/07/2024,283.904365
11/07/2024,281.056528
12/07/2024,282.439325
15/07/2024,283.316789
16/07/2024,284.782597
17/07/2024,280.861634
18/07/2024,278.535394
19/07/2024,276.720507
22/07/2024,279.811463
23/07/2024,279.457612
24/07/2024,272.643684
25/07/2024,270.88809
26/07/2024,273.648861
29/07/2024,274.082516
30/07/2024,272.857858
31/07/2024,277.018519
01/08/2024,273.511473
02/08/2024,268.437484
05/08/2024,260.255605
06/08/2024,262.749732
07/08/2024,260.893709
08/08/2024,266.783605
09/08/2024,268.130095
12/08/2024,268.021548
13/08/2024,272.384698
14/08/2024,273.088063
15/08/2024,277.427076
16/08/2024,278.069977
19/08/2024,280.851422
20/08/2024,280.435252
21/08/2024,281.440644
22/08/2024,278.944757
23/08/2024,282.031773
26/08/2024,281.246103
27/08/2024,281.543599
28/08/2024,279.829928
29/08/2024,279.785514
30/08/2024,282.620342
03/09/2024,276.661691
04/09/2024,276.200286
05/09/2024,275.488167
06/09/2024,270.485355
09/09/2024,273.263128
10/09/2024,274.564229
11/09/2024,277.475349
12/09/2024,279.742045
13/09/2024,281.344892
16/09/2024,281.750548
17/09/2024,281.871572
18/09/2024,281.119815
19/09/2024,285.808752
20/09/2024,285.432684
23/09/2024,286.091091
24/09/2024,286.762789
25/09/2024,286.22907
26/09/2024,287.297648
27/09/2024,287.079491
30/09/2024,288.392036
01/10/2024,286.03101
02/10/2024,285.937595
03/10/2024,285.415362
04/10/2024,287.999462
07/10/2024,285.01994
08/10/2024,287.724896
09/10/2024,289.47103
10/10/2024,288.873652
11/10/2024,290.643845
14/10/2024,292.85777
15/10/2024,290.897566
16/10/2024,292.180528
17/10/2024,291.992857
18/10/2024,293.082666
21/10/2024,292.576135
22/10/2024,292.553975
23/10/2024,289.84479
24/10/2024,290.550257
25/10/2024,290.576454
28/10/2024,291.417973
29/10/2024,292.062728
30/10/2024,291.531303
31/10/2024,286.172673
01/11/2024,287.344166
04/11/2024,286.390635
05/11/2024,289.669477
06/11/2024,297.212848
07/11/2024,299.608405
08/11/2024,300.565621
11/11/2024,301.068193
12/11/2024,300.368811
13/11/2024,300.265618
14/11/2024,298.231602
15/11/2024,294.2062
18/11/2024,295.547199
19/11/2024,296.892979
20/11/2024,296.772478
21/11/2024,297.654785
22/11/2024,298.437592
25/11/2024,299.457509
26/11/2024,301.28786
27/11/2024,300.212166
29/11/2024,301.807956
02/12/2024,302.702163
03/12/2024,302.808745
04/12/2024,304.829262
05/12/2024,304.226169
06/12/2024,305.190672
09/12/2024,303.331262
10/12/2024,303.26543
11/12/2024,306.392457
12/12/2024,304.54245
13/12/2024,304.314396
16/12/2024,305.938191
17/12/2024,304.781139
18/12/2024,295.780381
19/12/2024,295.533041
20/12/2024,298.584861
23/12/2024,300.850111
24/12/2024,304.187645
26/12/2024,304.014141
27/12/2024,300.594572
30/12/2024,297.423871
31/12/2024,296.05979
02/01/2025,295.438648
03/01/2025,299.146387
06/01/2025,301.039462
07/01/2025,297.794568
08/01/2025,298.165927
10/01/2025,293.697704
13/01/2025,294.037511
14/01/2025,294.194756
15/01/2025,299.764958
16/01/2025,299.014759
17/01/2025,302.061049
21/01/2025,304.780133
22/01/2025,306.599589
23/01/2025,308.10677
24/01/2025,307.508678
27/01/2025,302.796186
28/01/2025,305.622367
29/01/2025,304.359405
30/01/2025,306.395226
31/01/2025,305.184655
03/02/2025,302.883762
04/02/2025,305.337874
05/02/2025,305.39073
06/02/2025,306.488019
07/02/2025,303.293531
10/02/2025,305.351872
11/02/2025,305.328795
12/02/2025,304.424294
13/02/2025,307.647295
14/02/2025,307.562036
18/02/2025,308.162809
19/02/2025,308.962415
20/02/2025,307.458771
21/02/2025,302.108039
24/02/2025,300.666915
25/02/2025,299.125861
26/02/2025,298.912406
27/02/2025,294.186101
28/02/2025,298.805699
03/03/2025,293.672455
04/03/2025,290.369085
05/03/2025,293.618457
06/03/2025,288.50659
07/03/2025,290.009061
10/03/2025,281.939765
11/03/2025,279.745115
12/03/2025,281.259636
13/03/2025,277.238967
14/03/2025,282.967878
17/03/2025,284.620754
18/03/2025,281.402464
19/03/2025,284.532084
20/03/2025,283.877881
21/03/2025,284.207398
24/03/2025,289.326942
25/03/2025,289.95353
26/03/2025,286.49425
27/03/2025,285.394517
28/03/2025,279.412482
31/03/2025,280.934372
01/04/2025,282.175921
02/04/2025,284.020871
03/04/2025,270.494708
04/04/2025,254.69919
07/04/2025,254.29796
08/04/2025,250.362593
09/04/2025,274.018219
10/04/2025,264.687205
11/04/2025,269.465457
14/04/2025,271.645931
15/04/2025,271.010771
16/04/2025,264.976782
17/04/2025,265.255615
21/04/2025,259.034824
22/04/2025,265.54161
23/04/2025,270.028576
24/04/2025,275.521518
25/04/2025,277.552522
28/04/2025,277.651178
29/04/2025,279.179694
30/04/2025,279.484232
01/05/2025,281.308599
02/05/2025,285.491975
05/05/2025,283.764774
06/05/2025,281.636303
07/05/2025,281.960971
08/05/2025,283.643658
09/05/2025,283.325363
12/05/2025,292.484404
13/05/2025,294.605018
14/05/2025,295.36107
15/05/2025,296.352052
16/05/2025,298.511696
19/05/2025,298.747901
20/05/2025,297.44737
21/05/2025,293.255618
22/05/2025,293.302755
23/05/2025,291.294949
27/05/2025,297.298499
28/05/2025,295.714291
29/05/2025,296.778488
30/05/2025,296.803776
02/06/2025,297.800934
03/06/2025,299.166579
04/06/2025,299.284468
05/06/2025,297.76155
06/06/2025,301.091181
09/06/2025,301.552197
10/06/2025,303.310412
11/06/2025,302.368974
12/06/2025,303.432379
13/06/2025,300.22087
16/06/2025,302.979419
17/06/2025,300.520072
18/06/2025,300.155868
20/06/2025,298.990662
23/06/2025,301.672776
24/06/2025,305.019767
25/06/2025,305.201939
26/06/2025,307.752881
27/06/2025,309.602014
30/06/2025,311.010855
01/07/2025,310.613631
02/07/2025,312.199042
03/07/2025,314.774678
07/07/2025,312.209724
08/07/2025,311.752574
09/07/2025,313.696856
10/07/2025,314.544908
11/07/2025,313.734404
14/07/2025,314.315877
15/07/2025,313.118614
16/07/2025,314.150552
17/07/2025,315.786079
18/07/2025,315.864063
21/07/2025,316.689475
22/07/2025,316.859681
23/07/2025,319.143863
24/07/2025,319.523141
25/07/2025,320.790611
28/07/2025,320.832434
29/07/2025,320.128463
30/07/2025,319.790708
31/07/2025,318.497517
01/08/2025,313.388276
04/08/2025,318.159202
05/08/2025,316.726136
06/08/2025,319.156754
07/08/2025,318.793006
08/08/2025,321.61168
11/08/2025,320.885858
12/08/2025,324.490874
13/08/2025,325.230119
14/08/2025,325.456655
15/08/2025,324.66363
18/08/2025,324.554958
19/08/2025,322.560972
20/08/2025,321.687117
21/08/2025,320.403539
22/08/2025,325.378444
25/08/2025,324.235095
26/08/2025,325.427926
27/08/2025,326.139239
28/08/2025,327.395752
29/08/2025,325.462443
02/09/2025,323.304386
03/09/2025,326.231431
04/09/2025,328.966616
05/09/2025,328.202977
08/09/2025,328.803527
09/09/2025,330.100048
10/09/2025,331.464054
11/09/2025,334.088389
12/09/2025,333.934061
15/09/2025,336.253308
16/09/2025,335.931335
17/09/2025,335.562868
18/09/2025,337.105639
19/09/2025,338.878748
22/09/2025,340.177329
23/09/2025,338.264252
24/09/2025,337.051599
25/09/2025,335.262821
26/09/2025,337.08148
29/09/2025,337.613702
30/09/2025,338.758882
01/10/2025,339.966483
02/10/2025,340.141584
03/10/2025,340.088604
06/10/2025,341.870031
07/10/2025,340.232829
08/10/2025,341.984079
09/10/2025,340.959127
10/10/2025,332.059699
13/10/2025,337.424097
14/10/2025,337.139279
15/10/2025,338.855198
16/10/2025,336.842657
17/10/2025,338.559905
20/10/2025,342.099272
21/10/2025,341.712907
22/10/2025,340.112954
23/10/2025,342.018489
24/10/2025,344.927233
27/10/2025,349.488387
28/10/2025,350.078658
29/10/2025,350.470118
30/10/2025,347.575519
31/10/2025,348.43271
03/11/2025,349.158132
04/11/2025,344.990449
05/11/2025,346.638302
06/11/2025,343.087433
07/11/2025,343.041371
10/11/2025,348.614586
11/11/2025,349.477753
12/11/2025,349.282568
13/11/2025,343.343418
14/11/2025,343.072704
17/11/2025,340.801979
18/11/2025,338.149451
19/11/2025,339.905085
20/11/2025,334.934604
21/11/2025,338.588808
24/11/2025,344.705988
25/11/2025,348.02993
26/11/2025,349.951074
28/11/2025,351.681954
01/12/2025,349.564213
02/12/2025,350.39253
03/12/2025,351.725585
04/12/2025,351.937929
05/12/2025,352.891589
08/12/2025,351.042896
09/12/2025,351.008849
10/12/2025,353.403178
11/12/2025,353.499209
12/12/2025,349.961002
15/12/2025,349.427891
16/12/2025,348.563638
17/12/2025,344.136776
18/12/2025,347.00701
19/12/2025,350.110925
22/12/2025,352.401229
23/12/2025,354.138933
24/12/2025,355.208856
26/12/2025,355.031698
29/12/2025,353.861546
30/12/2025,353.450095
31/12/2025,350.970217
02/01/2026,351.653487
05/01/2026,353.870498
06/01/2026,355.688762
07/01/2026,355.032453
08/01/2026,355.362147
09/01/2026,357.709422
12/01/2026,358.523052
13/01/2026,358.10012
14/01/2026,356.266955
15/01/2026,356.808952
16/01/2026,356.368923
20/01/2026,348.914306
21/01/2026,352.998433
22/01/2026,355.023115
23/01/2026,354.941612
26/01/2026,356.96805
27/01/2026,358.291308
28/01/2026,358.384302
29/01/2026,358.291248
30/01/2026,356.916255
02/02/2026,359.179835
03/02/2026,356.17115
04/02/2026,354.001457
05/02/2026,349.763329
06/02/2026,355.402593
09/02/2026,357.015382
10/02/2026,355.502501
11/02/2026,354.995243
12/02/2026,349.833136
13/02/2026,349.763498
17/02/2026,349.753751
18/02/2026,351.55458
19/02/2026,350.601331
20/02/2026,353.590168
23/02/2026,349.89603
24/02/2026,352.342197
25/02/2026,355.150919
26/02/2026,353.01953
27/02/2026,352.025953
02/03/2026,351.747414
03/03/2026,348.60292
04/03/2026,351.130008
05/03/2026,349.126471
06/03/2026,344.712352
09/03/2026,347.789047
10/03/2026,347.156094
11/03/2026,347.037158
12/03/2026,341.841409
13/03/2026,339.840213
16/03/2026,343.189189
17/03/2026,344.253256
18/03/2026,339.623928
19/03/2026,338.693609
20/03/2026,333.542772
23/03/2026,337.172017
24/03/2026,335.180299
25/03/2026,336.906732
26/03/2026,330.836284
27/03/2026,325.187373
30/03/2026,324.085843
31/03/2026,333.776061
01/04/2026,336.538002
02/04/2026,336.743378
06/04/2026,338.411006
07/04/2026,338.980487
08/04/2026,347.628308
09/04/2026,349.738339
10/04/2026,349.197075
13/04/2026,352.802649
14/04/2026,357.49883
15/04/2026,360.478176
16/04/2026,361.310106
17/04/2026,365.720636
